Italian_Word,English_Translation,Type,Category,Difficulty_Level
Ciao,Hello,Word,Basic Phrases,Beginner
Buongiorno,Good morning,Phrase,Basic Phrases,Intermediate
Buonasera,Good evening,Phrase,Basic Phrases,Intermediate
Buonanotte,Good night,Phrase,Basic Phrases,Intermediate
Salve,Hi,Word,Basic Phrases,Beginner
Arrivederci,Goodbye,Word,Basic Phrases,Beginner
A presto,See you soon,Phrase,Basic Phrases,Intermediate
Ci vediamo,See you,Phrase,Basic Phrases,Intermediate
Piacere,Nice to meet you,Phrase,Basic Phrases,Intermediate
Benvenuto,Welcome,Word,Basic Phrases,Beginner
Salutare,Greet,Word,Basic Phrases,Intermediate
Presentarsi,Introduce oneself,Phrase,Basic Phrases,Intermediate
Saluti,Cheers,Word,Basic Phrases,Intermediate
Bentornato,Welcome back,Phrase,Basic Phrases,Intermediate
Auguri,Best wishes,Word,Basic Phrases,Intermediate
Felicita,Happiness,Word,Basic Phrases,Intermediate
In bocca al lupo,Good luck,Phrase,Basic Phrases,Intermediate
Fortunato,Lucky,Word,Basic Phrases,Intermediate
Invitare,Invite,Word,Basic Phrases,Intermediate
Ringraziare,To Thank,Word,Basic Phrases,Intermediate
Grazie,Thank you,Phrase,Basic Phrases,Intermediate
Prego,You're welcome,Phrase,Basic Phrases,Intermediate
Scusarsi,Apologize,Word,Basic Phrases,Intermediate
Mi dispiace,I'm sorry,Phrase,Basic Phrases,Intermediate
Congratulazioni,Congratulations,Word,Basic Phrases,Intermediate
Complimenti,Compliments,Word,Basic Phrases,Intermediate
Phrase,Mi chiamo Luca,My name is Luca,Basic Phrases,Beginner
Baci,Kisses,Word,Basic Phrases,Intermediate
Abbracci,Hugs,Word,Basic Phrases,Intermediate
Sorridere,Smile,Word,Basic Phrases,Intermediate
Ridere,Laugh,Word,Basic Phrases,Intermediate
Sorriso,Smile,Word,Basic Phrases,Intermediate
Simpatico,Nice,Word,Basic Phrases,Intermediate
Gentile,Kind,Word,Basic Phrases,Intermediate
Amichevole,Friendly,Word,Basic Phrases,Intermediate
Carino,Cute,Word,Basic Phrases,Intermediate
Gioioso,Joyful,Word,Basic Phrases,Intermediate
Allegro,Cheerful,Word,Basic Phrases,Intermediate
Tranquillo,Relaxed,Word,Basic Phrases,Intermediate
Serenita,Serenity,Word,Basic Phrases,Intermediate
Affetto,Affection,Word,Basic Phrases,Intermediate
Accogliente,Welcoming,Word,Basic Phrases,Intermediate
Rallegrare,Cheer up,Word,Basic Phrases,Intermediate
Incantesimo,Enchantment,Word,Basic Phrases,Intermediate
Vibrante,Vibrant,Word,Basic Phrases,Intermediate
Radiante,Radiant,Word,Basic Phrases,Intermediate
Rassicurante,Reassuring,Word,Basic Phrases,Intermediate
Stupendo,Marvelous,Word,Basic Phrases,Intermediate
Affabile,Amiable,Word,Basic Phrases,Intermediate
Italian_Word,English_Translation,Type,Category,Difficulty_Level
Salve a tutti,Hello everyone,Phrase,Basic Phrases,Advanced
Buongiorno a voi,Good morning to you,Phrase,Basic Phrases,Advanced
Buonasera a tutti,Good evening everyone,Phrase,Basic Phrases,Advanced
Buonanotte a tutti,Good night to all,Phrase,Basic Phrases,Advanced
Ciao amici,Hello friends,Phrase,Basic Phrases,Advanced
Arrivederci amici,Goodbye friends,Phrase,Basic Phrases,Advanced
A presto ragazzi,See you soon guys,Phrase,Basic Phrases,Advanced
Ci vediamo domani,See you tomorrow,Phrase,Basic Phrases,Advanced
Piacere di conoscerti,Pleased to meet you,Phrase,Basic Phrases,Advanced
Benvenuti nel nostro gruppo,Welcome to our group,Phrase,Basic Phrases,Advanced
Salutiamo tutti,Let's greet everyone,Phrase,Basic Phrases,Advanced
Presentiamoci a tutti,Let's introduce ourselves to everyone,Phrase,Basic Phrases,Advanced
Un saluto a tutti voi,A greeting to all of you,Phrase,Basic Phrases,Advanced
Bentornato,Welcome back,Phrase,Basic Phrases,Advanced
Auguri di cuore,Heartfelt wishes,Phrase,Basic Phrases,Advanced
Felicita infinita,Infinite happiness,Phrase,Basic Phrases,Advanced
Buona fortuna a tutti,Good luck to everyone,Phrase,Basic Phrases,Advanced
Fortunati come te,Lucky like you,Phrase,Basic Phrases,Advanced
Vi invito a festeggiare,I invite you to celebrate,Phrase,Basic Phrases,Advanced
Ringraziamenti speciali,Special thanks,Phrase,Basic Phrases,Advanced
Grazie mille a tutti,Thank you all very much,Phrase,Basic Phrases,Advanced
Accogliete tutti,Welcome everyone,Phrase,Basic Phrases,Advanced
Scusami per il ritardo,Excuse me for being late,Phrase,Basic Phrases,Advanced
Mi scuso per l'inconveniente,I apologize for the inconvenience,Phrase,Basic Phrases,Advanced
Congratulazioni a tutti voi,Congratulations to all of you,Phrase,Basic Phrases,Advanced
Congratulazioni per il tuo successo,Congratulations on your success,Phrase,Basic Phrases,Advanced
Cordiali saluti a tutti,Kind regards to everyone,Phrase,Basic Phrases,Advanced
Più bello che mai,Nicer than ever,Phrase,Basic Phrases,Advanced
Più amichevole che mai,Friendlier than ever,Phrase,Basic Phrases,Advanced
Gentile come un angelo,Kind as an angel,Phrase,Basic Phrases,Advanced
Simpatico come sempre,Amiable as always,Phrase,Basic Phrases,Advanced
Un sorriso accogliente,A welcoming smile,Phrase,Basic Phrases,Advanced
Rallegra tutti,Cheer up everyone,Phrase,Basic Phrases,Advanced
Incantate il mondo con il vostro sorriso,Enchant the world with your smile,Phrase,Basic Phrases,Advanced
Vibrante di energia positiva,Vibrant with positive energy,Phrase,Basic Phrases,Advanced
Radiante di gioia,Radiant with joy,Phrase,Basic Phrases,Advanced
Rassicurante come un abbraccio,Reassuring as a hug,Phrase,Basic Phrases,Advanced
Stupendo come un sogno,Marvelous like a dream,Phrase,Basic Phrases,Advanced

uno,one,Word,numbers,Beginner
due,two,Word,numbers,Beginner
tre,three,Word,numbers,Beginner
quattro,four,Word,numbers,Beginner
cinque,five,Word,numbers,Beginner
sei,six,Word,numbers,Beginner
sette,seven,Word,numbers,Beginner
otto,eight,Word,numbers,Beginner
nove,nine,Word,numbers,Beginner
dieci,ten,Word,numbers,Beginner
undici,eleven,Word,numbers,Intermediate
dodici,twelve,Word,numbers,Intermediate
tredici,thirteen,Word,numbers,Intermediate
quattordici,fourteen,Word,numbers,Intermediate
quindici,fifteen,Word,numbers,Intermediate
sedici,sixteen,Word,numbers,Intermediate
diciassette,seventeen,Word,numbers,Intermediate
diciotto,eighteen,Word,numbers,Intermediate
diciannove,nineteen,Word,numbers,Intermediate
venti,twenty,Word,numbers,Intermediate
ventuno,twenty-one,Word,numbers,Intermediate
ventidue,twenty-two,Word,numbers,Intermediate
ventitré,twenty-three,Word,numbers,Intermediate
ventiquattro,twenty-four,Word,numbers,Intermediate
venticinque,twenty-five,Word,numbers,Intermediate
ventisei,twenty-six,Word,numbers,Advanced
ventisette,twenty-seven,Word,numbers,Advanced
ventotto,twenty-eight,Word,numbers,Advanced
ventinove,twenty-nine,Word,numbers,Advanced
trenta,thirty,Word,numbers,Intermediate
trentuno,thirty-one,Word,numbers,Intermediate
trentadue,thirty-two,Word,numbers,Intermediate
trentatré,thirty-three,Word,numbers,Intermediate
trentaquattro,thirty-four,Word,numbers,Intermediate
trentacinque,thirty-five,Word,numbers,Intermediate
trentasei,thirty-six,Word,numbers,Advanced
trentasette,thirty-seven,Word,numbers,Advanced
trentotto,thirty-eight,Word,numbers,Advanced
trentanove,thirty-nine,Word,numbers,Advanced
quaranta,forty,Word,numbers,Intermediate
quarantuno,forty-one,Word,numbers,Intermediate
quarantadue,forty-two,Word,numbers,Intermediate
quarantatré,forty-three,Word,numbers,Intermediate
quarantaquattro,forty-four,Word,numbers,Intermediate
quarantacinque,forty-five,Word,numbers,Intermediate
quarantasei,forty-six,Word,numbers,Advanced
quarantasette,forty-seven,Word,numbers,Advanced
quarantotto,forty-eight,Word,numbers,Advanced
quarantanove,forty-nine,Word,numbers,Advanced
cinquantasei,fifty-six,Word,numbers,Advanced
cinquantasette,fifty-seven,Word,numbers,Advanced
cinquantotto,fifty-eight,Word,numbers,Advanced
cinquantanove,fifty-nine,Word,numbers,Advanced
cinquanta,fifty,Word,numbers,Intermediate
cinquantuno,fifty-one,Word,numbers,Intermediate
cinquantadue,fifty-two,Word,numbers,Intermediate
cinquantatré,fifty-three,Word,numbers,Intermediate
cinquantaquattro,fifty-four,Word,numbers,Intermediate
cinquantacinque, fifty-five,Word,numbers,Intermediate
cinquantasei, fifty-six,Word,numbers,Intermediate
cinquantasette, fifty-seven,Word,numbers,Intermediate
cinquantotto, fifty-eight,Word,numbers,Intermediate
cinquantanove, fifty-nine,Word,numbers,Intermediate
sessanta,sixty,Word,numbers,Intermediate
sessantuno,sixty-one,Word,numbers,Intermediate
sessantadue,sixty-two,Word,numbers,Intermediate
sessantatré,sixty-three,Word,numbers,Intermediate
sessantaquattro, sixty-four,Word,numbers,Intermediate
sessantacinque, sixty-five,Word,numbers,Intermediate
sessantasei, sixty-six,Word,numbers,Intermediate
sessantasette, sixty-seven,Word,numbers,Intermediate
sessantotto, sixty-eight,Word,numbers,Intermediate
sessantanove, sixty-nine,Word,numbers,Intermediate
settanta,seventy,Word,numbers,Intermediate
settantuno,seventy-one,Word,numbers,Intermediate
settantadue,seventy-two,Word,numbers,Intermediate
settantatré,seventy-three,Word,numbers,Intermediate
settantaquattro, seventy-four,Word,numbers,Intermediate
settantacinque, seventy-five,Word,numbers,Intermediate
settantasei, seventy-six,Word,numbers,Intermediate
settantasette, seventy-seven,Word,numbers,Intermediate
settantotto, seventy-eight,Word,numbers,Intermediate
settantanove, seventy-nine,Word,numbers,Intermediate
ottanta,eighty,Word,numbers,Intermediate
ottantuno,eighty-one,Word,numbers,Intermediate
ottantadue,eighty-two,Word,numbers,Intermediate
ottantatré,eighty-three,Word,numbers,Intermediate
ottantaquattro, eighty-four,Word,numbers,Intermediate
ottantacinque, eighty-five,Word,numbers,Intermediate
ottantasei, eighty-six,Word,numbers,Intermediate
ottantasette, eighty-seven,Word,numbers,Intermediate
ottantotto, eighty-eight,Word,numbers,Intermediate
ottantanove, eighty-nine,Word,numbers,Intermediate
novanta,ninety,Word,numbers,Intermediate
novantuno,ninety-one,Word,numbers,Intermediate
novantadue,ninety-two,Word,numbers,Intermediate
novantatré,ninety-three,Word,numbers,Intermediate
novantaquattro, ninety-four,Word,numbers,Intermediate
novantacinque, ninety-five,Word,numbers,Intermediate
novantasei, ninety-six,Word,numbers,Intermediate
novantasette, ninety-seven,Word,numbers,Intermediate
novantotto, ninety-eight,Word,numbers,Intermediate
novantanove, ninety-nine,Word,numbers,Intermediate
cento,one hundred,Word,numbers,Advanced
centuno,one hundred and one,Word,numbers,Advanced
duecento,two hundred,Word,numbers,Advanced
trecento,three hundred,Word,numbers,Advanced
quattrocento,four hundred,Word,numbers,Advanced
cinquecento,five hundred,Word,numbers,Advanced
seicento,six hundred,Word,numbers,Advanced
settecento,seven hundred,Word,numbers,Advanced
ottocento,eight hundred,Word,numbers,Advanced
novecento,nine hundred,Word,numbers,Advanced
mille,one thousand,number,numbers,Advanced
duemila,two thousand,number,numbers,Advanced
tremila,three thousand,number,numbers,Advanced
quattromila,four thousand,number,numbers,Advanced
cinquemila,five thousand,number,numbers,Advanced
seimila,six thousand,number,numbers,Advanced
settemila,seven thousand,number,numbers,Advanced
ottomila,eight thousand,number,numbers,Advanced
novemila,nine thousand,number,numbers,Advanced
diecimila,ten thousand,number,numbers,Advanced
ventimila,twenty thousand,number,numbers,Advanced
trentamila,thirty thousand,number,numbers,Advanced
quarantamila,forty thousand,number,numbers,Advanced
cinquantamila,fifty thousand,number,numbers,Advanced
sessantamila,sixty thousand,number,numbers,Advanced
settantamila,seventy thousand,number,numbers,Advanced
ottantamila,eighty thousand,number,numbers,Advanced
novantamila,ninety thousand,number,numbers,Advanced
centomila,one hundred thousand,number,numbers,Advanced
duecentomila,two hundred thousand,number,numbers,Advanced
trecentomila,three hundred thousand,number,numbers,Advanced
quattrocentomila,four hundred thousand,number,numbers,Advanced
cinquecentomila,five hundred thousand,number,numbers,Advanced
seicentomila,six hundred thousand,number,numbers,Advanced
settecentomila,seven hundred thousand,number,numbers,Advanced
ottocentomila,eight hundred thousand,number,numbers,Advanced
novecentomila,nine hundred thousand,number,numbers,Advanced
un milione,one million,number,numbers,Advanced
due milioni,two million,number,numbers,Advanced
tre milioni,three million,number,numbers,Advanced
quattro milioni,four million,number,numbers,Advanced
cinque milioni,five million,number,numbers,Advanced
dieci milioni,ten million,number,numbers,Advanced
venti milioni,twenty million,number,numbers,Advanced
trenta milioni,thirty million,number,numbers,Advanced
quaranta milioni,forty million,number,numbers,Advanced
cinquanta milioni,fifty million,number,numbers,Advanced
sessanta milioni,sixty million,number,numbers,Advanced
settanta milioni,seventy million,number,numbers,Advanced
ottanta milioni,eighty million,number,numbers,Advanced
novanta milioni,ninety million,number,numbers,Advanced
un miliardo,one billion,word,numbers,advanced
due miliardi,two billion,word,numbers,advanced
tre miliardi,three billion,word,numbers,advanced
quattro miliardi,four billion,word,numbers,advanced
cinque miliardi,five billion,word,numbers,advanced
sei miliardi,six billion,word,numbers,advanced
sette miliardi,seven billion,word,numbers,advanced
otto miliardi,eight billion,word,numbers,advanced
nove miliardi,nine billion,word,numbers,advanced
dieci miliardi,ten billion,word,numbers,advanced
undici miliardi,eleven billion,word,numbers,advanced
dodici miliardi,twelve billion,word,numbers,advanced
tredici miliardi,thirteen billion,word,numbers,advanced
quattordici miliardi,fourteen billion,word,numbers,advanced
quindici miliardi,fifteen billion,word,numbers,advanced
sedici miliardi,sixteen billion,word,numbers,advanced
diciassette miliardi,seventeen billion,word,numbers,advanced
diciotto miliardi,eighteen billion,word,numbers,advanced
diciannove miliardi,nineteen billion,word,numbers,advanced
venti miliardi,twenty billion,word,numbers,advanced
ventuno miliardi,twenty-one billion,word,numbers,advanced
ventidue miliardi,twenty-two billion,word,numbers,advanced
ventitré miliardi,twenty-three billion,word,numbers,advanced
ventiquattro miliardi,twenty-four billion,word,numbers,advanced
venticinque miliardi,twenty-five billion,word,numbers,advanced
ventisei miliardi,twenty-six billion,word,numbers,advanced
ventisette miliardi,twenty-seven billion,word,numbers,advanced
ventotto miliardi,twenty-eight billion,word,numbers,advanced
ventinove miliardi,twenty-nine billion,word,numbers,advanced
trenta miliardi,thirty billion,word,numbers,advanced
trentuno miliardi,thirty-one billion,word,numbers,advanced
trentadue miliardi,thirty-two billion,word,numbers,advanced
trentatré miliardi,thirty-three billion,word,numbers,advanced
trentaquattro miliardi,thirty-four billion,word,numbers,advanced
trentacinque miliardi,thirty-five billion,word,numbers,advanced
trentasei miliardi,thirty-six billion,word,numbers,advanced
trentasette miliardi,thirty-seven billion,word,numbers,advanced
trentotto miliardi,thirty-eight billion,word,numbers,advanced
trentanove miliardi,thirty-nine billion,word,numbers,advanced
quaranta miliardi,forty billion,word,numbers,advanced
uno più uno fa due,one plus one equals two,phrase,numbers,Beginner
il doppio di tre è sei,double of three is six,phrase,numbers,Beginner
tre volte quattro fa dodici,three times four equals twelve,phrase,numbers,Beginner
il quadrato di cinque è venticinque,the square of five is twenty-five,phrase,numbers,Beginner
sei meno tre fa tre, six minus three equals three,phrase,numbers,Beginner
sette diviso due fa tre e mezzo,seven divided by two equals three and a half,phrase,numbers,Beginner
otto aumentato di quattro è dodici,eight increased by four is twelve,phrase,numbers,Beginner
la metà di nove è quattro e mezzo,the half of nine is four and a half,phrase,numbers,Beginner
dieci meno cinque fa cinque,ten minus five equals five,phrase,numbers,Beginner
l'uno percento di undici è zero virgola undici,one percent of eleven is zero point eleven,phrase,numbers,Intermediate
dodici diviso tre fa quattro,twelve divided by three equals four,phrase,numbers,Intermediate
il triplo di tredici è trentanove,the triple of thirteen is thirty-nine,phrase,numbers,Intermediate
quattordici diminuito di cinque fa nove,fourteen minus five equals nine,phrase,numbers,Intermediate
quindici aumentato di otto fa ventitré,fifteen increased by eight equals twenty-three,phrase,numbers,Intermediate
il quadrato di sedici è duecentocinquantasei,the square of sixteen is two hundred fifty-six,phrase,numbers,Intermediate
diciassette volte tre fa cinquantuno,seventeen times three equals fifty-one,phrase,numbers,Intermediate
il doppio di diciotto è trentasei,double of eighteen is thirty-six,phrase,numbers,Intermediate
diciannove diviso quattro fa quattro con resto tre,nineteen divided by four equals four with remainder three,phrase,numbers,Intermediate
venti meno sette fa tredici,twenty minus seven equals thirteen,phrase,numbers,Intermediate
ventuno aumentato di nove fa trenta,twenty-one increased by nine equals thirty,phrase,numbers,Intermediate
il quadrato di ventidue è quattrocentoventiquattro,the square of twenty-two is four hundred twenty-four,phrase,numbers,Intermediate
ventitré diminuito di dieci fa tredici,twenty-three minus ten equals thirteen,phrase,numbers,Intermediate
ventiquattro diviso tre fa otto, twenty-four divided by three equals eight,phrase,numbers,Intermediate
venticinque aumentato di sei fa trentuno,twenty-five increased by six equals thirty-one,phrase,numbers,Intermediate
trenta volte cinque fa centocinquanta,thirty times five equals one hundred fifty,phrase,numbers,Intermediate
trentuno meno nove fa ventidue,thirty-one minus nine equals twenty-two,phrase,numbers,Intermediate
la metà di trentadue è sedici,the half of thirty-two is sixteen,phrase,numbers,Intermediate
trentatré diviso due fa sedici e mezzo,thirty-three divided by two equals
Italian_Word,English_Translation,Type,Category,Difficulty_Level
quattro per quattro fa sedici,four times four equals sixteen,phrase,numbers,Intermediate
il quadrato di trentaquattro è millecentoventisei,the square of thirty-four is one thousand one hundred twenty-six,phrase,numbers,Intermediate
trentacinque diminuito di undici fa ventiquattro,thirty-five minus eleven equals twenty-four,phrase,numbers,Intermediate
ventisei diviso tre fa otto e due terzi,twenty-six divided by three equals eight and two-thirds,phrase,numbers,Intermediate
ventisette aumentato di quattordici fa quarantuno,twenty-seven increased by fourteen equals forty-one,phrase,numbers,Intermediate
il doppio di ventotto è cinquantasei,double of twenty-eight is fifty-six,phrase,numbers,Intermediate
ventinove meno quattordici fa quindici,twenty-nine minus fourteen equals fifteen,phrase,numbers,Intermediate
trenta diviso cinque fa sei,thirty divided by five equals six,phrase,numbers,Intermediate
trentuno aumentato di diciotto fa quarantanove,thirty-one increased by eighteen equals forty-nine,phrase,numbers,Intermediate
la metà di trentadue è sedici,the half of thirty-two is sixteen,phrase,numbers,Intermediate
trentatré diviso due fa sedici e mezzo,thirty-three divided by two equals sixteen and a half,phrase,numbers,Intermediate
trentaquattro diminuito di nove fa ventitre,thirty-four minus nine equals twenty-three,phrase,numbers,Intermediate
venticinque volte due fa cinquanta,twenty-five times two equals fifty,phrase,numbers,Intermediate
ventisei meno sette fa diciannove,twenty-six minus seven equals nineteen,phrase,numbers,Intermediate
ventisette aumentato di undici fa trentotto,twenty-seven increased by eleven equals thirty-eight,phrase,numbers,Intermediate
ventotto diviso quattro fa sette,twenty-eight divided by four equals seven,phrase,numbers,Intermediate
ventinove per tre fa ottantanove,twenty-nine times three equals eighty-nine,phrase,numbers,Intermediate
trenta meno quattordici fa sedici,thirty minus fourteen equals sixteen,phrase,numbers,Intermediate
trentuno aumentato di diciotto fa quarantanove,thirty-one increased by eighteen equals forty-nine,phrase,numbers,Intermediate
la metà di trentadue è sedici,the half of thirty-two is sixteen,phrase,numbers,Intermediate
trentatré diviso due fa sedici e mezzo,thirty-three divided by two equals sixteen and a half,phrase,numbers,Intermediate
trentaquattro diminuito di nove fa ventitre,thirty-four minus nine equals twenty-three,phrase,numbers,Intermediate
venticinque volte due fa cinquanta,twenty-five times two equals fifty,phrase,numbers,Intermediate
ventisei meno sette fa diciannove,twenty-six minus seven equals nineteen,phrase,numbers,Intermediate
ventisette aumentato di undici fa trentotto,twenty-seven increased by eleven equals thirty-eight,phrase,numbers,Intermediate
ventotto diviso quattro fa sette,twenty-eight divided by four equals seven,phrase,numbers,Intermediate
ventinove per tre fa ottantanove,twenty-nine times three equals eighty
Italian_Word,English_Translation,Type,Category,Difficulty_Level
novanta meno trentacinque fa cinquantacinque,ninety minus thirty-five equals fifty-five,phrase,numbers,Intermediate
ottantuno aumentato di diciotto fa novantanove,eighty-one increased by eighteen equals ninety-nine,phrase,numbers,Intermediate
la metà di ottantadue è quarantuno,the half of eighty-two is forty-one,phrase,numbers,Intermediate
ottantatré diviso due fa quarantuno e mezzo,eighty-three divided by two equals forty-one and a half,phrase,numbers,Intermediate
ottantaquattro diminuito di ventinove fa cinquantacinque,eighty-four minus twenty-nine equals fifty-five,phrase,numbers,Intermediate
ottantacinque volte due fa centosessanta-nove,eighty-five times two equals one hundred sixty-nine,phrase,numbers,Intermediate
ottantasei meno undici fa settantacinque,eighty-six minus eleven equals seventy-five,phrase,numbers,Intermediate
ottantasette aumentato di ventisei fa centotredici,eighty-seven increased by twenty-six equals one hundred thirteen,phrase,numbers,Intermediate
ottantotto diviso quattro fa ventidue,eighty-eight divided by four equals twenty-two,phrase,numbers,Intermediate
ottantanove per tre fa duecentosettantasette,eighty-nine times three equals two hundred seventy-seven,phrase,numbers,Intermediate
novanta diminuito di diciotto fa settantadue,ninety minus eighteen equals seventy-two,phrase,numbers,Intermediate
novantuno aumentato di quindici fa centosei,ninety-one increased by fifteen equals one hundred six,phrase,numbers,Intermediate
novantadue diviso sette fa tredici,ninety-two divided by seven equals thirteen,phrase,numbers,Intermediate
novantatré volte quattro fa trecentosettantadue,ninety-three times four equals three hundred seventy-two,phrase,numbers,Intermediate
novantaquattro meno ventotto fa sessantasei,ninety-four minus twenty-eight equals sixty-six,phrase,numbers,Intermediate
novantacinque aumentato di trenta fa centoventicinque,ninety-five increased by thirty equals one hundred twenty-five,phrase,numbers,Intermediate
novantasei diviso due fa quarantotto,ninety-six divided by two equals forty-eight,phrase,numbers,Intermediate
novantasette per cinque fa quattrocentocinquantacinque,ninety-seven times five equals four hundred fifty-five,phrase,numbers,Intermediate
novantotto meno sedici fa ottantadue,ninety-eight minus sixteen equals eighty-two,phrase,numbers,Intermediate
novantanove aumentato di ventiquattro fa centotrentatré,ninety-nine increased by twenty-four equals one hundred thirty-three,phrase,numbers,Intermediate
cento volte zero fa zero,one hundred times zero equals zero,phrase,numbers,Intermediate
cento uno diviso tre fa trentatré,one hundred one divided by three equals thirty-three,phrase,numbers,Intermediate
cento due diminuito di ventotto fa settantaquattro,one hundred two minus twenty-eight equals seventy-four,phrase,numbers,Intermediate
cento tre aumentato di trentasette fa centoquaranta,one hundred three increased by thirty-seven equals one hundred forty,phrase,numbers,Intermediate
Italian_Word,English_Translation,Type,Category,Difficulty_Level
cento sei diviso per otto fa tredici,one hundred six divided by eight equals thirteen,phrase,numbers,Intermediate
cento otto diminuito di cinquantadue fa cinquantasei,one hundred eight minus fifty-two equals fifty-six,phrase,numbers,Intermediate
cento dieci aumentato di sessantotto fa centosettantotto,one hundred ten increased by sixty-eight equals one hundred seventy-eight,phrase,numbers,Intermediate
cento dodici per due fa duecentoventiquattro,one hundred twelve times two equals two hundred twenty-four,phrase,numbers,Intermediate
cento quattordici meno sessantotto fa quarantasei,one hundred fourteen minus sixty-eight equals forty-six,phrase,numbers,Intermediate
cento sedici diviso per quattro fa trentadue,one hundred sixteen divided by four equals thirty-two,phrase,numbers,Intermediate
cento diciotto aumentato di ventotto fa centoquarantasei,one hundred eighteen increased by twenty-eight equals one hundred forty-six,phrase,numbers,Intermediate
cento venti per cinque fa seicento,one hundred twenty times five equals six hundred,phrase,numbers,Intermediate
cento ventidue diminuito di sessantadue fa sessanta,one hundred twenty-two minus sixty-two equals sixty,phrase,numbers,Intermediate
cento ventiquattro diviso per otto fa quindici,one hundred twenty-four divided by eight equals fifteen,phrase,numbers,Intermediate
cento ventisei volte due fa duecentocinquantadue,one hundred twenty-six times two equals two hundred fifty-two,phrase,numbers,Intermediate
cento ventotto meno ventisette fa uno,one hundred twenty-eight minus twenty-seven equals one,phrase,numbers,Intermediate
cento trenta aumentato di settantacinque fa duecentocinque,one hundred thirty increased by seventy-five equals two hundred five,phrase,numbers,Intermediate
cento trentadue per tre fa trecentoottantasei,one hundred thirty-two times three equals three hundred eighty-six,phrase,numbers,Intermediate
cento trentaquattro diviso per sei fa ventidue,one hundred thirty-four divided by six equals twenty-two,phrase,numbers,Intermediate
cento trentasei meno cinquantotto fa ottantotto,one hundred thirty-six minus fifty-eight equals eighty-eight,phrase,numbers,Intermediate
cento trentotto aumentato di sessantasei fa duecentoquattro,one hundred thirty-eight increased by sixty-six equals two hundred four,phrase,numbers,Intermediate
cento quaranta per quattro fa cinquecentosessanta,one hundred forty times four equals five hundred sixty,phrase,numbers,Intermediate
cento quarantadue diminuito di cinquantotto fa cinquantasei,one hundred forty-two minus fifty-eight equals fifty-six,phrase,numbers,Intermediate
cento quarantaquattro diviso per otto fa diciassette,one hundred forty-four divided by eight equals seventeen,phrase,numbers,Intermediate
cento quarantasei volte due fa duecentonovantasei,one hundred forty-six times two equals two hundred ninety-six,phrase,numbers,Intermediate
cento quarantotto meno trentadue fa centosei,one hundred forty-eight minus thirty-two equals one hundred six,phrase,numbers,Intermediate
cento novantauno per tre fa cinquecentoventitre,one hundred ninety-one times three equals five hundred twenty-three,phrase,numbers,Intermediate
cento novantatré diminuito di settanta fa ventitré,one hundred ninety-three minus seventy equals twenty-three,phrase,numbers,Intermediate
cento novantacinque diviso per cinque fa trentanove,one hundred ninety-five divided by five equals thirty-nine,phrase,numbers,Intermediate
cento novantasette volte due fa duecentoquarantanove,one hundred ninety-seven times two equals three hundred ninety-four,phrase,numbers,Intermediate
cento novantanove meno novanta fa nove,one hundred ninety-nine minus ninety equals nine,phrase,numbers,Intermediate
duecento diviso per due fa cento,two hundred divided by two equals one hundred,phrase,numbers,Intermediate
duecento due diminuito di cinquanta fa centocinquantadue,two hundred two minus fifty equals one hundred fifty-two,phrase,numbers,Intermediate
duecento quattro aumentato di sessantadue fa duecentosessantasei,two hundred four increased by sixty-two equals two hundred sixty-six,phrase,numbers,Intermediate
duecento sei per tre fa seicentodiciotto,two hundred six times three equals six hundred eighteen,phrase,numbers,Advanced
duecento otto diviso per quattro fa settantadue,two hundred eight divided by four equals seventy-two,phrase,numbers,Advanced
duecento dieci meno ottantotto fa centododici,two hundred ten minus eighty-eight equals one hundred twelve,phrase,numbers,Advanced
duecento dodici aumentato di novantuno fa trecentotredici,two hundred twelve increased by ninety-one equals three hundred thirteen,phrase,numbers,Advanced
duecento quattordici per due fa quattrocentoventotto,two hundred fourteen times two equals four hundred twenty-eight,phrase,numbers,Advanced
duecento sedici diviso per quattro fa cinquantuno,two hundred sixteen divided by four equals fifty-one,phrase,numbers,Advanced
duecento diciotto meno novantacinque fa ventitre,two hundred eighteen minus ninety-five equals twenty-three,phrase,numbers,Advanced
duecento venti aumentato di settantatré fa trecentotrentatré,two hundred twenty increased by seventy-three equals three hundred thirty-three,phrase,numbers,Advanced
duecento ventidue per cinque fa millecentodieci,two hundred twenty-two times five equals one thousand one hundred ten,phrase,numbers,Advanced
duecento ventiquattro diviso per otto fa trenta,two hundred twenty-four divided by eight equals thirty,phrase,numbers,Advanced
duecento ventisei volte due fa quattrocentodue,two hundred twenty-six times two equals four hundred fifty-two,phrase,numbers,Advanced
duecento ventotto meno centosessantacinque fa sessantatré,two hundred twenty-eight minus one hundred sixty-five equals sixty-three,phrase,numbers,Advanced
duecento trenta aumentato di novantasette fa trecentoventisette,two hundred thirty increased by ninety-seven equals three hundred twenty-seven,phrase,numbers,Advanced
duecento trentadue per tre fa seicentosei,two hundred thirty-two times three equals six hundred ninety-six,phrase,numbers,Advanced
duecento trentaquattro diviso per sei fa cinquantasei,two hundred thirty-four divided by six equals fifty-six,phrase,numbers,Advanced
duecento trentasei meno novantotto fa centoquarantotto,two hundred thirty-six minus ninety-eight equals one hundred forty-eight,phrase,numbers,Advanced
duecento trentotto aumentato di centosettantacinque fa quattrocentotredici,two hundred thirty-eight increased by one hundred seventy-five equals four hundred thirteen,phrase,numbers,Advanced
duecento quaranta per quattro fa ottocentosessanta,two hundred forty times four equals eight hundred sixty,phrase,numbers,Advanced
duecento quarantadue diminuito di cinquantasei fa centotrentaquattro,two hundred forty-two minus fifty-six equals one hundred thirty-four,phrase,numbers,Advanced
duecento quarantaquattro diviso per otto fa ventisette,two hundred forty-four divided by eight equals twenty-seven,phrase,numbers,Advanced
duecento quarantasei volte due fa quattrocentoventisei,two hundred forty-six times two equals four hundred ninety-two,phrase,numbers,Advanced
duecento quarantotto meno centosessantaquattro fa settantaquattro,two hundred forty-eight minus one hundred sixty-four equals seventy-four,phrase,numbers,Advanced
duecento cinquanta aumentato di ottantadue fa trecentotrentadue,two hundred fifty increased by eighty-two equals three hundred thirty-two,phrase,numbers,Advanced
duecento cinquantadue per tre fa seicentocinquantasei,two hundred fifty-two times three equals seven hundred fifty-six,phrase,numbers,Advanced
duecento cinquantatré diminuito di settantasette fa centosessantasei,two hundred fifty-three minus seventy-seven equals one hundred seventy-six,phrase,numbers,Advanced
duecento cinquantacinque diviso per cinque fa cinquantuno,two hundred fifty-five divided by five equals fifty-one,phrase,numbers,Advanced
duecento cinquantasette volte due fa quattrocentocattordici,two hundred fifty-seven times two equals four hundred fourteen,phrase,numbers,Advanced
duecento cinquantanove meno novantotto fa cento sessantuno,two hundred fifty-nine minus ninety-eight equals one hundred sixty-one,phrase,numbers,Advanced
duecento sessantuno aumentato di centosessantotto fa trecentoventinove,two hundred sixty-one increased by one hundred sixty-eight equals four hundred twenty-nine,phrase,numbers,Advanced
duecento sessantatré per quattro fa ottocentododici,two hundred sixty-three times four equals one thousand forty-eight,phrase,numbers,Advanced
duecento sessantacinque diviso per cinque fa cinquantuno,two hundred sixty-five divided by five equals fifty-one,phrase,numbers,Advanced
duecento sessantasette meno cento trentanove fa centotrentacinque,two hundred sixty-seven minus one hundred thirty-nine equals one hundred twenty-five,phrase,numbers,Advanced
duecento sessantanove aumentato di centocinque fa quattrocentoquattordici,two hundred sixty-nine increased by one hundred five equals three hundred seventy-four,phrase,numbers,Advanced

Word,Amore,Love,Emotions,Beginner
felice,happy,word,Emotions,Beginner
triste,sad,word,Emotions,Beginner
arrabbiato,angry,word,Emotions,Beginner
emozionato,excited,word,Emotions,Beginner
calmo,calm,word,Emotions,Beginner
ansioso,anxious,word,Emotions,Beginner
pensieroso,thoughtful,word,Emotions,Beginner
odio,hate,word,Emotions,Beginner
preoccupato,worried,word,Emotions,Intermediate
nervoso,nervous,word,Emotions,Intermediate
orgoglioso,proud,word,Emotions,Intermediate
confuso,confused,word,Emotions,Intermediate
stanco,tired,word,Emotions,Intermediate
entusiasta,enthusiastic,word,Emotions,Intermediate
irritato,irritated,word,Emotions,Intermediate
rilassato,relaxed,word,Emotions,Intermediate
timido,shy,word,Emotions,Intermediate
energico,energetic,word,Emotions,Intermediate
eccitato,excited,word,Emotions,Advanced
sereno,serene,word,Emotions,Advanced
disgustato,disgusted,word,Emotions,Advanced
desideroso,longing,word,Emotions,Advanced
terrorizzato,terrified,word,Emotions,Advanced
sbalordito,astonished,word,Emotions,Advanced
imbarazzato,embarrassed,word,Emotions,Advanced
infelice,unhappy,word,Emotions,Advanced
impaurito,scared,word,Emotions,Advanced
indifferente,indifferent,word,Emotions,Advanced
abbattuto,dejected,word,Emotions,Advanced
fiero,proud,word,Emotions,Advanced
estasiato,ecstatic,word,Emotions,Advanced
curioso,curious,word,Emotions,Advanced
meravigliato,amazed,word,Emotions,Advanced
frustrato,frustrated,word,Emotions,Advanced
aggrovigliato,flustered,word,Emotions,Advanced
innamorato,infatuated,word,Emotions,Advanced
disperato,desperate,word,Emotions,Advanced
impotente,helpless,word,Emotions,Advanced
amareggiato,bitter,word,Emotions,Advanced
incredulo,incredulous,word,Emotions,Advanced
deluso,disappointed,word,Emotions,Advanced
incantato,enraptured,word,Emotions,Advanced
invidioso,envious,word,Emotions,Advanced
infastidito,annoyed,word,Emotions,Advanced
inquieto,restless,word,Emotions,Advanced
inquietante,unsettling,word,Emotions,Advanced
ansimante,breathless,word,Emotions,Advanced
rancoroso,resentful,word,Emotions,Advanced
speranzoso,hopeful,word,Emotions,Advanced
sgomento,dismay,word,Emotions,Advanced
sorpreso,surprised,word,Emotions,Advanced
soddisfatto,satisfied,word,Emotions,Advanced
scettico,skeptical,word,Emotions,Advanced
roso,bitter,word,Emotions,Advanced
scontento,discontent,word,Emotions,Advanced
ambizioso,ambitious,word,Emotions,Advanced
amaramente,bitterly,word,Emotions,Advanced
deluso,disappointed,word,Emotions,Advanced
ansioso,anxious,word,Emotions,Advanced
malinconico,melancholic,word,Emotions,Advanced
insicuro,insecure,word,Emotions,Advanced
preoccupato,worried,word,Emotions,Advanced
infastidito,bored,word,Emotions,Advanced
colpito,touched,word,Emotions,Advanced
geloso,jealous,word,Emotions,Advanced
entusiasta,enthusiastic,word,Emotions,Advanced
calmo,calm,word,Emotions,Advanced
sollevato,relieved,word,Emotions,Advanced
disorientato,disoriented,word,Emotions,Advanced
disgustoso,disgusting,word,Emotions,Advanced
appassionato,passionate,word,Emotions,Advanced
sospettoso,suspicious,word,Emotions,Advanced
ansioso,restless,word,Emotions,Advanced
indifferente,apathetic,word,Emotions,Advanced
felicissimo,ecstatic,word,Emotions,Advanced
irritato,irritated,word,Emotions,Advanced
aggressivo,aggressive,word,Emotions,Advanced
triste,sad,word,Emotions,Advanced
incantato,charmed,word,Emotions,Advanced
emozionato,excited,word,Emotions,Advanced
pensieroso,pensive,word,Emotions,Advanced
amoroso,loving,word,Emotions,Advanced
deciso,determined,word,Emotions,Advanced
dubbioso,doubtful,word,Emotions,Advanced
emozionante,thrilling,word,Emotions,Advanced
sereno,calm,word,Emotions,Advanced
pazzo,crazy,word,Emotions,Advanced
fuggiasco,fugitive,word,Emotions,Advanced
desolato,desolate,word,Emotions,Advanced
dolce,sweet,word,Emotions,Advanced
risoluto,resolute,word,Emotions,Advanced
spaventoso,scary,word,Emotions,Advanced
ferito,hurt,word,Emotions,Advanced
estatico,ecstatic,word,Emotions,Advanced
disgustoso,disgustful,word,Emotions,Advanced
sopraffatto,overwhelmed,word,Emotions,Advanced
arrabbiato,angry,word,Emotions,Advanced
deluso,let down,word,Emotions,Advanced
disorientato,dizzy,word,Emotions,Advanced
euforico,euphoric,word,Emotions,Advanced
Italian_Word,English_Translation,Type,Category,Difficulty_Level
euforico,euphoric,word,Emotions,Advanced
disperato,desperate,word,Emotions,Advanced
incredulo,incredulous,word,Emotions,Advanced
adorato,adored,word,Emotions,Advanced
compiaciuto,pleased,word,Emotions,Advanced
panico,panic,word,Emotions,Advanced
rivoltante,revolting,word,Emotions,Advanced
imbarazzante,embarrassing,word,Emotions,Advanced
ansioso,anxious,word,Emotions,Advanced
malinconico,melancholic,word,Emotions,Advanced
insicuro,insecure,word,Emotions,Advanced
preoccupato,worried,word,Emotions,Advanced
infastidito,bored,word,Emotions,Advanced
colpito,touched,word,Emotions,Advanced
geloso,jealous,word,Emotions,Advanced
entusiasta,enthusiastic,word,Emotions,Advanced
calmo,calm,word,Emotions,Advanced
sollevato,relieved,word,Emotions,Advanced
disorientato,disoriented,word,Emotions,Advanced
disgustoso,disgusting,word,Emotions,Advanced
appassionato,passionate,word,Emotions,Advanced
sospettoso,suspicious,word,Emotions,Advanced
ansioso,restless,word,Emotions,Advanced
indifferente,apathetic,word,Emotions,Advanced
felicissimo,ecstatic,word,Emotions,Advanced
irritato,irritated,word,Emotions,Advanced
aggressivo,aggressive,word,Emotions,Advanced
Italian_Word,English_Translation,Type,Category,Difficulty_Level
Ho il cuore spezzato,I have a broken heart,phrase,Emotions,Beginner
Mi sento triste,I feel sad,phrase,Emotions,Beginner
Sono felice,I am happy,phrase,Emotions,Beginner
Mi sento stressato,I feel stressed,phrase,Emotions,Beginner
Sono arrabbiato,I am angry,phrase,Emotions,Beginner
Mi sento solo,I feel lonely,phrase,Emotions,Beginner
Sono emozionato,I am excited,phrase,Emotions,Beginner
Mi sento sopraffatto,I feel overwhelmed,phrase,Emotions,Beginner
Sono confuso,I am confused,phrase,Emotions,Beginner
Mi sento deluso,I feel disappointed,phrase,Emotions,Beginner
Sono preoccupato,I am worried,phrase,Emotions,Beginner
Mi sento appassionato,I feel passionate,phrase,Emotions,Beginner
Sono ansioso,I am anxious,phrase,Emotions,Beginner
Mi sento perso,I feel lost,phrase,Emotions,Beginner
Sono innamorato,I am in love,phrase,Emotions,Beginner
Mi sento in colpa,I feel guilty,phrase,Emotions,Beginner
Sono entusiasta,I am enthusiastic,phrase,Emotions,Beginner
Mi sento sollevato,I feel relieved,phrase,Emotions,Beginner
Sono fiducioso,I am confident,phrase,Emotions,Beginner
Mi sento frustrato,I feel frustrated,phrase,Emotions,Beginner
Sono disperato,I am desperate,phrase,Emotions,Beginner
Mi sento positivo,I feel positive,phrase,Emotions,Beginner
Sono orgoglioso,I am proud,phrase,Emotions,Beginner
Mi sento incredulo,I feel incredulous,phrase,Emotions,Beginner
Sono indeciso,I am undecided,phrase,Emotions,Beginner
Mi sento soddisfatto,I feel satisfied,phrase,Emotions,Beginner
Sono rilassato,I am relaxed,phrase,Emotions,Beginner
Mi sento combattivo,I feel combative,phrase,Emotions,Beginner
Sono ottimista,I am optimistic,phrase,Emotions,Beginner
Mi sento sopraffatto dall'emozione,I feel overwhelmed by emotion,phrase,Emotions,Beginner
Sono stufo,I am fed up,phrase,Emotions,Beginner
Mi sento nostalgico,I feel nostalgic,phrase,Emotions,Beginner
Sono disorientato,I am disoriented,phrase,Emotions,Beginner
Mi sento angosciato,I feel distressed,phrase,Emotions,Beginner
Sono grato,I am grateful,phrase,Emotions,Beginner
Mi sento curioso,I feel curious,phrase,Emotions,Beginner
Sono stanco,I am tired,phrase,Emotions,Beginner
Mi sento ansioso di vedere,I am looking forward to seeing,phrase,Emotions,Beginner
Sono coinvolto,I am involved,phrase,Emotions,Beginner
Mi sento in pace,I feel at peace,phrase,Emotions,Beginner
Sono indeciso,I am undecided,phrase,Emotions,Beginner
Mi sento sconcertato,I feel bewildered,phrase,Emotions,Beginner
Italian_Word,English_Translation,Type,Category,Difficulty_Level
Mi sento grato per tutto,I feel grateful for everything,phrase,Emotions,Intermediate
Sono sopraffatto dalle emozioni,I am overwhelmed by Emotions,phrase,Emotions,Intermediate
Mi sento inquieto,I feel restless,phrase,Emotions,Intermediate
Sono emotivamente coinvolto,I am emotionally involved,phrase,Emotions,Intermediate
Mi sento vulnerabile,I feel vulnerable,phrase,Emotions,Intermediate
Sono preso dal panico,I am in a panic,phrase,Emotions,Intermediate
Mi sento impotente,I feel helpless,phrase,Emotions,Intermediate
Sono stupefatto,I am stunned,phrase,Emotions,Intermediate
Mi sento eccitato come un bambino,I feel excited like a child,phrase,Emotions,Intermediate
Sono pieno di gratitudine,I am filled with gratitude,phrase,Emotions,Intermediate
Mi sento come se stessi volare,I feel like I'm flying,phrase,Emotions,Intermediate
Sono sconvolto,I am upset,phrase,Emotions,Intermediate
Mi sento ispirato,I feel inspired,phrase,Emotions,Intermediate
Sono angosciato dal dolore,I am anguished by pain,phrase,Emotions,Intermediate
Mi sento speranzoso,I feel hopeful,phrase,Emotions,Intermediate
Sono sopraffatto dai pensieri,I am overwhelmed by thoughts,phrase,Emotions,Intermediate
Mi sento al sicuro,I feel safe,phrase,Emotions,Intermediate
Sono sopraffatto dalle responsabilità,I am overwhelmed by responsibilities,phrase,Emotions,Intermediate
Mi sento come se fossi sulle nuvole,I feel like I'm on cloud nine,phrase,Emotions,Intermediate
Sono affascinato,I am fascinated,phrase,Emotions,Intermediate
Mi sento impaziente,I feel impatient,phrase,Emotions,Intermediate
Sono sopraffatto dalla tristezza,I am overwhelmed by sadness,phrase,Emotions,Intermediate
Mi sento come se stessi affogando,I feel like I'm drowning,phrase,Emotions,Intermediate
Sono pieno di gioia,I am filled with joy,phrase,Emotions,Intermediate
Mi sento intrappolato,I feel trapped,phrase,Emotions,Intermediate
Sono sopraffatto dalla felicità,I am overwhelmed by happiness,phrase,Emotions,Intermediate
Mi sento vulnerabile come un bambino,I feel vulnerable like a child,phrase,Emotions,Intermediate
Sono sopraffatto dallo stress,I am overwhelmed by stress,phrase,Emotions,Intermediate
Mi sento come se fossi al settimo cielo,I feel like I'm on cloud nine,phrase,Emotions,Intermediate
Sono sconcertato dalla situazione,I am bewildered by the situation,phrase,Emotions,Intermediate
Mi sento emotivamente esausto,I feel emotionally exhausted,phrase,Emotions,Intermediate
Sono sopraffatto dalle emozioni contrastanti,I am overwhelmed by conflicting Emotions,phrase,Emotions,Intermediate
Mi sento come se avessi il mondo ai miei piedi,I feel like I have the world at my feet,phrase,Emotions,Intermediate
Sono afflitto,I am afflicted,phrase,Emotions,Intermediate
Mi sento incerto del futuro,I feel uncertain about the future,phrase,Emotions,Intermediate
Sono sopraffatto dal senso di colpa,I am overwhelmed by guilt,phrase,Emotions,Intermediate
Mi sento come se stessi annegando nei miei pensieri,I feel like I'm drowning in my thoughts,phrase,Emotions,Intermediate
Sono sopraffatto dall'ansia,I am overwhelmed by anxiety,phrase,Emotions,Intermediate
Mi sento emotivamente vulnerabile,I feel emotionally vulnerable,phrase,Emotions,Intermediate
Sono sopraffatto dalla solitudine,I am overwhelmed by loneliness,phrase,Emotions,Intermediate
Mi sento come se il mondo mi stesse crollando addosso,I feel like the world is crumbling down on me,phrase,Emotions,Intermediate
Sono sopraffatto dai dubbi,I am overwhelmed by doubts,phrase,Emotions,Intermediate
Mi sento come se stessi camminando su un filo sottile,I feel like I'm walking on a thin line,phrase,Emotions,Intermediate
Sono confuso dai miei stessi sentimenti,I am confused by my own feelings,phrase,Emotions,Intermediate
Mi sento emotivamente esausto,I feel emotionally exhausted,phrase,Emotions,Intermediate
Sono sopraffatto dal senso di vuoto,I am overwhelmed by a sense of emptiness,phrase,Emotions,Intermediate
Mi sento come se stessi affogando nei miei pensieri,I feel like I'm drowning in my thoughts,phrase,Emotions,Intermediate
Sono sopraffatto dalla rabbia,I am overwhelmed by anger,phrase,Emotions,Intermediate
Mi sento emotivamente ferito,I feel emotionally hurt,phrase,Emotions,Intermediate
Sono sopraffatto dal senso di perdita,I am overwhelmed by a sense of loss,phrase,Emotions,Intermediate
Mi sento come se fossi intrappolato in un labirinto emotivo,I feel like I'm trapped in an emotional labyrinth,phrase,Emotions,Intermediate
Sono sopraffatto dalla disperazione,I am overwhelmed by despair,phrase,Emotions,Intermediate
Mi sento come se stessi cercando di mettere insieme i pezzi,I feel like I'm trying to put the pieces together,phrase,Emotions,Intermediate
Sono confuso riguardo ai miei stessi sentimenti,I am confused about my own feelings,phrase,Emotions,Intermediate
Mi sento emotivamente vuoto,I feel emotionally empty,phrase,Emotions,Intermediate
Sono sopraffatto dalla nostalgia,I am overwhelmed by nostalgia,phrase,Emotions,Intermediate
Mi sento come se stessi perdendo la testa,I feel like I'm losing my mind,phrase,Emotions,Intermediate
Sono sopraffatto dalla sensazione di essere bloccato,I am overwhelmed by the feeling of being stuck,phrase,Emotions,Intermediate
Mi sento come se fossi un gomitolo di emozioni,I feel like I'm a ball of Emotions,phrase,Emotions,Intermediate
Sono confuso sulle mie stesse reazioni,I am confused about my own reactions,phrase,Emotions,Intermediate
Mi sento emotivamente esausto,I feel emotionally exhausted,phrase,Emotions,Intermediate
Sono sopraffatto dalla paura,I am overwhelmed by fear,phrase,Emotions,Intermediate
Mi sento come se fossi in trappola,I feel like I'm trapped,phrase,Emotions,Intermediate
Sono confuso riguardo al mio stato emotivo,I am confused about my emotional state,phrase,Emotions,Intermediate
Mi sento emotivamente inquieto,I feel emotionally restless,phrase,Emotions,Intermediate
Sono sopraffatto dal senso di inadeguatezza,I am overwhelmed by a sense of inadequacy,phrase,Emotions,Intermediate
Mi sento come se stessi lottando contro me stesso,I feel like I'm fighting against myself,phrase,Emotions,Intermediate
Sono confuso riguardo alle mie priorità,I am confused about my priorities,phrase,Emotions,Intermediate
Sono sopraffatto dal senso di sconforto,I am overwhelmed by a sense of discouragement,phrase,Emotions,Intermediate
Mi sento come se fossi bloccato in un loop emotivo,I feel like I'm stuck in an emotional loop,phrase,Emotions,Intermediate
Sono confuso riguardo alle mie emozioni,I am confused about my Emotions,phrase,Emotions,Intermediate
Mi sento emotivamente sopraffatto,I feel emotionally overwhelmed,phrase,Emotions,Intermediate
Mi sento come se stessi perdendo il controllo,I feel like I'm losing control,phrase,Emotions,Intermediate
Sono confuso riguardo alle mie reazioni emotive,I am confused about my emotional reactions,phrase,Emotions,Intermediate
Mi sento emotivamente sopraffatto,I feel emotionally overwhelmed,phrase,Emotions,Intermediate
Sono sopraffatto dal senso di angoscia,I am overwhelmed by a sense of anguish,phrase,Emotions,Intermediate
Mi sento come se fossi isolato dal mondo,I feel like I'm isolated from the world,phrase,Emotions,Intermediate
Sono confuso riguardo ai miei sentimenti,I am confused about my feelings,phrase,Emotions,Intermediate
Mi sento emotivamente sfidato,I feel emotionally challenged,phrase,Emotions,Intermediate
Sono sopraffatto dal senso di alienazione,I am overwhelmed by a sense of alienation,phrase,Emotions,Intermediate
Mi sento come se stessi cercando un equilibrio,I feel like I'm seeking balance,phrase,Emotions,Intermediate
Sono confuso riguardo alla mia identità,I am confused about my identity,phrase,Emotions,Intermediate
Mi sento emotivamente fragile,I feel emotionally fragile,phrase,Emotions,Intermediate
Sono sopraffatto dal senso di insicurezza,I am overwhelmed by a sense of insecurity,phrase,Emotions,Intermediate
Mi sento come se fossi perso nel caos emotivo,I feel like I'm lost in emotional chaos,phrase,Emotions,Intermediate
Sono confuso riguardo alla direzione da prendere,I am confused about the direction to take,phrase,Emotions,Intermediate
Mi sento emotivamente in bilico,I feel emotionally on edge,phrase,Emotions,Intermediate
Sono sopraffatto dal senso di ansia,I am overwhelmed by a sense of anxiety,phrase,Emotions,Intermediate
Mi sento come se fossi intrappolato in un ciclo negativo,I feel like I'm trapped in a negative cycle,phrase,Emotions,Intermediate
Sono confuso riguardo alle mie aspettative,I am confused about my expectations,phrase,Emotions,Intermediate
Mi sento emotivamente sconnesso,I feel emotionally disconnected,phrase,Emotions,Intermediate
Sono sopraffatto dal senso di vuoto,I am overwhelmed by a sense of emptiness,phrase,Emotions,Intermediate
Mi sento come se stessi affogando nelle mie emozioni,I feel like I'm drowning in my Emotions,phrase,Emotions,Intermediate
Sono confuso riguardo ai miei desideri,I am confused about my desires,phrase,Emotions,Intermediate
Mi sento emotivamente esausto,I feel emotionally exhausted,phrase,Emotions,Intermediate
Sono sopraffatto dal senso di impotenza,I am overwhelmed by a sense of helplessness,phrase,Emotions,Intermediate
Mi sento come se fossi prigioniero delle mie emozioni,I feel like I'm a prisoner of my Emotions,phrase,Emotions,Intermediate
Sono confuso riguardo ai miei pensieri,I am confused about my thoughts,phrase,Emotions,Intermediate
Mi sento emotivamente instabile,I feel emotionally unstable,phrase,Emotions,Intermediate
Sono sopraffatto dal senso di frustrazione,I am overwhelmed by a sense of frustration,phrase,Emotions,Intermediate
Mi sento come se fossi in bilico tra due emozioni opposte,I feel like I'm torn between two opposing Emotions,phrase,Emotions,Intermediate
Sono confuso riguardo alle mie motivazioni,I am confused about my motivations,phrase,Emotions,Intermediate
Sono sopraffatto dal senso di colpa,I am overwhelmed by a sense of guilt,phrase,Emotions,Intermediate

Cane,Dog,Word,Animals,Beginner
Gatto,Cat,Word,Animals,Beginner
Uccello,Bird,Word,Animals,Beginner
Pesce,Fish,Word,Animals,Beginner
Cavallo,Horse,Word,Animals,Beginner
Italian_Word,English_Translation,Type,Category,Difficulty_Level
cane,dog,word,Animals,Beginner
gatto,cat,word,Animals,Beginner
elefante,elephant,word,Animals,Beginner
tigre,tiger,word,Animals,Beginner
orso,bear,word,Animals,Beginner
uccello,bird,word,Animals,Beginner
scimmia,monkey,word,Animals,Beginner
leone,lion,word,Animals,Beginner
serpente,snake,word,Animals,Beginner
rana,frog,word,Animals,Beginner
cavallo,horse,word,Animals,Beginner
pecora,sheep,word,Animals,Beginner
gallina,chicken,word,Animals,Beginner
topo,mouse,word,Animals,Beginner
anatra,duck,word,Animals,Beginner
pesce,fish,word,Animals,Beginner
farfalla,butterfly,word,Animals,Beginner
formica,ant,word,Animals,Beginner
ragno,spider,word,Animals,Beginner
zebra,zebra,word,Animals,Beginner
giraffa,giraffe,word,Animals,Beginner
canguro,kangaroo,word,Animals,Beginner
pinguino,penguin,word,Animals,Beginner
gorilla,gorilla,word,Animals,Beginner
lupo,wolf,word,Animals,Beginner
volpe,fox,word,Animals,Beginner
rinoceronte,rhinoceros,word,Animals,Beginner
pipistrello,bat,word,Animals,Beginner
coccodrillo,crocodile,word,Animals,Beginner
delfino,dolphin,word,Animals,Beginner
ragno,spider,word,Animals,Beginner
uccello,bird,word,Animals,Beginner
serpente,snake,word,Animals,Beginner
farfalla,butterfly,word,Animals,Beginner
mucca,cow,word,Animals,Beginner
pecora,sheep,word,Animals,Beginner
gorilla,gorilla,word,Animals,Beginner
tigre,tiger,word,Animals,Beginner
Italian_Word,English_Translation,Type,Category,Difficulty_Level
anatra,duck,word,Animals,Intermediate
pappagallo,parrot,word,Animals,Intermediate
canguro,kangaroo,word,Animals,Intermediate
cavalletta,grasshopper,word,Animals,Intermediate
leopardo,leopard,word,Animals,Intermediate
criceto,hamster,word,Animals,Intermediate
capra,goat,word,Animals,Intermediate
scoiattolo,squirrel,word,Animals,Intermediate
coccodrillo,crocodile,word,Animals,Intermediate
panda,panda,word,Animals,Intermediate
ghepardo,cheetah,word,Animals,Intermediate
balena,whale,word,Animals,Intermediate
rinoceronte,rhinoceros,word,Animals,Intermediate
alce,moose,word,Animals,Intermediate
puma,cougar,word,Animals,Intermediate
lucertola,lizard,word,Animals,Intermediate
cicogna,stork,word,Animals,Intermediate
ippopotamo,hippopotamus,word,Animals,Intermediate
scimpanzé,chimpanzee,word,Animals,Intermediate
lucertola,lizard,word,Animals,Intermediate
formica,ant,word,Animals,Intermediate
volpe,fox,word,Animals,Intermediate
orso polare,polar bear,word,Animals,Intermediate
alligatore,alligator,word,Animals,Intermediate
pulcino,chick,word,Animals,Intermediate
ragno,spider,word,Animals,Intermediate
pappagallo,parrot,word,Animals,Intermediate
coccodrillo,crocodile,word,Animals,Intermediate
pecora,sheep,word,Animals,Intermediate
rinoceronte,rhinoceros,word,Animals,Intermediate
pinguino,penguin,word,Animals,Intermediate
lucertola,lizard,word,Animals,Intermediate
puma,cougar,word,Animals,Intermediate
alligatore,alligator,word,Animals,Intermediate
scimpanzé,chimpanzee,word,Animals,Intermediate
ippopotamo,hippopotamus,word,Animals,Intermediate
ghepardo,cheetah,word,Animals,Intermediate
cavalletta,grasshopper,word,Animals,Intermediate
pulcino,chick,word,Animals,Intermediate
orso polare,polar bear,word,Animals,Intermediate
anatra,duck,word,Animals,Intermediate
formica,ant,word,Animals,Intermediate
coccodrillo,crocodile,word,Animals,Intermediate
leopardo,leopard,word,Animals,Intermediate
scoiattolo,squirrel,word,Animals,Intermediate
canguro,kangaroo,word,Animals,Intermediate
criceto,hamster,word,Animals,Intermediate
capra,goat,word,Animals,Intermediate
rinoceronte,rhinoceros,word,Animals,Intermediate
ghepardo,cheetah,word,Animals,Intermediate
balena,whale,word,Animals,Intermediate
lucertola,lizard,word,Animals,Intermediate
cicogna,stork,word,Animals,Intermediate
ippopotamo,hippopotamus,word,Animals,Intermediate
scimpanzé,chimpanzee,word,Animals,Intermediate
pecora,sheep,word,Animals,Intermediate
alligatore,alligator,word,Animals,Intermediate
pinguino,penguin,word,Animals,Intermediate
orso polare,polar bear,word,Animals,Intermediate
elefante,elephant,word,Animals,Intermediate
aquila,eagle,word,Animals,Beginner
pinguino,penguin,word,Animals,Beginner
coccodrillo,crocodile,word,Animals,Beginner
ippopotamo,hippopotamus,word,Animals,Beginner
ghepardo,cheetah,word,Animals,Beginner
lupo,wolf,word,Animals,Beginner
panda,panda,word,Animals,Beginner
pecora,sheep,word,Animals,Beginner
rinoceronte,rhinoceros,word,Animals,Beginner
lemure,lemur,word,Animals,Beginner
marmotta,marmot,word,Animals,Beginner
formica,ant,word,Animals,Beginner
serpente,snake,word,Animals,Beginner
scorpione,scorpion,word,Animals,Beginner
zebra,zebra,word,Animals,Beginner
fenicottero,flamingo,word,Animals,Beginner
rinoceronte,rhinoceros,word,Animals,Beginner
gazella,gazelle,word,Animals,Beginner
tartaruga,turtle,word,Animals,Beginner
pavone,peacock,word,Animals,Beginner
coccinella,ladybug,word,Animals,Beginner
scimpanzé,chimpanzee,word,Animals,Beginner
oche,geese,word,Animals,Beginner
ostrica,ostrich,word,Animals,Beginner
lucertola,lizard,word,Animals,Beginner
papero,duck,word,Animals,Beginner
rinoceronte,rhinoceros,word,Animals,Beginner
tigre,tiger,word,Animals,Beginner
puma,puma,word,Animals,Beginner
elefante,elephant,word,Animals,Beginner
scoiattolo,squirrel,word,Animals,Beginner
gallina,chicken,word,Animals,Beginner
koala,koala,word,Animals,Beginner
rana,frog,word,Animals,Beginner
leone,lion,word,Animals,Beginner
pantera,panther,word,Animals,Beginner
pinguino,penguin,word,Animals,Beginner
foca,seal,word,Animals,Beginner
gallinella,guinea fowl,word,Animals,Beginner
bufalo,buffalo,word,Animals,Beginner
pulce,flea,word,Animals,Beginner
ocelot,ocelot,word,Animals,Beginner
tacchino,turkey,word,Animals,Beginner
tigre bianca,white tiger,word,Animals,Beginner
granchio,crab,word,Animals,Beginner
bradipo,sloth,word,Animals,Beginner
fenicottero rosa,pink flamingo,word,Animals,Beginner
elefante marino,elephant seal,word,Animals,Beginner
cavallo marino,seahorse,word,Animals,Beginner
alce,moose,word,Animals,Beginner
mucca,cow,word,Animals,Beginner
scimmia,monkey,word,Animals,Beginner
gallina d'acqua,coot,word,Animals,Beginner
gazza,magpie,word,Animals,Beginner
ghiandaia,jay,word,Animals,Beginner
cigno,swan,word,Animals,Beginner
delfino,dolphin,word,Animals,Beginner
cicogna,stork,word,Animals,Beginner
fenicottero nero,black flamingo,word,Animals,Beginner
tasso,badger,word,Animals,Beginner
ghiro,dormouse,word,Animals,Beginner
riccio,hedgehog,word,Animals,Beginner
lepre,hare,word,Animals,Beginner
pipistrello,bat,word,Animals,Beginner
grillaio,gyrfalcon,word,Animals,Beginner
scricciolo,wren,word,Animals,Intermediate
gru,crane,word,Animals,Beginner
farfalla,butterfly,word,Animals,Intermediate
salamandra,salamander,word,Animals,Intermediate
ragno,spider,word,Animals,Intermediate
tarantola,tarantula,word,Animals,Beginner
cammello,camel,word,Animals,Beginner
ibis,ibis,word,Animals,Beginner
lucertola blu,blue lizard,word,Animals,Beginner
cane da caccia,hound,word,Animals,Beginner
ornitorinco maschio,male platypus,word,Animals,Advanced
pappagallo,parrot,word,Animals,Intermediate
ornitorinco,platypus,word,Animals,hard
ghepardo,cheetah,word,Animals,hard
iguana,iguana,word,Animals,hard
dingo,dingo,word,Animals,hard
giraffa,giraffe,word,Animals,hard
leone marino,sea lion,word,Animals,hard
panda,panda,word,Animals,hard
formica antartica,antarctic ant,word,Animals,hard
puma,cougar,word,Animals,hard
capriolo,roe deer,word,Animals,hard
pavone,peacock,word,Animals,hard
canguro,kangaroo,word,Animals,hard
ornitorinco femmina,female platypus,word,Animals,hard
lama,llama,word,Animals,hard
ibis sacro,sacred ibis,word,Animals,hard
salamandra gigante,giant salamander,word,Animals,hard
tasso europeo,european badger,word,Animals,hard
gibbone,gibbon,word,Animals,hard
fenicottero,flamingo,word,Animals,hard
ragno lupo,wolf spider,word,Animals,hard
scimmia ragno,squirrel monkey,word,Animals,hard
pipistrello frugivoro,fruit bat,word,Animals,hard
lucertola marina,sea lizard,word,Animals,hard
vespa di mare,portuguese man o' war,word,Animals,hard
gru coronata,black crowned crane,word,Animals,hard
lupo grigio,grey wolf,word,Animals,hard
tigre siberiana,siberian tiger,word,Animals,hard
coccodrillo,dolphin,word,Animals,hard
fenicottero azzurro,blue flamingo,word,Animals,hard
balena,whale,word,Animals,hard
gallinella,guinea fowl,word,Animals,hard
pecora,ewe,word,Animals,hard
elefante marino del sud,southern elephant seal,word,Animals,hard
gazzella,gazelle,word,Animals,hard
alligatore,alligator,word,Animals,hard
giaguaro,jaguar,word,Animals,hard
pinguino imperatore,emperor penguin,word,Animals,hard
ippopotamo,hippopotamus,word,Animals,hard
scoiattolo rosso,red squirrel,word,Animals,hard
cammello di bactriana,bactrian camel,word,Animals,hard

biblioteca,library,word,Education,hard
calcolo,calculation,word,Education,hard
derivata,derivative,word,Education,hard
equazione differenziale,differential equation,word,Education,hard
geometria analitica,analytic geometry,word,Education,hard
ipotesi,hypothesis,word,Education,hard
legge di Newton,Newton's law,word,Education,hard
materia oscura,dark matter,word,Education,hard
notazione scientifica,scientific notation,word,Education,hard
probabilità,probability,word,Education,hard
quantum,quantum,word,Education,hard
razionale,rational,word,Education,hard
statistica,statistics,word,Education,hard
teorema,theorem,word,Education,hard
vettore,vector,word,Education,hard
algoritmo,algorithm,word,Education,hard
calcolo integrale,integral calculus,word,Education,hard
distribuzione normale,normal distribution,word,Education,hard
equazione lineare,linear equation,word,Education,hard
funzione esponenziale,exponential function,word,Education,hard
geometria non euclidea,non-Euclidean geometry,word,Education,hard
ipotesi alternativa,alternative hypothesis,word,Education,hard
logaritmo,logarithm,word,Education,hard
numero complesso,complex number,word,Education,hard
ottimizzazione,optimization,word,Education,hard
proiezione,projection,word,Education,hard
quantificatore,quantifier,word,Education,hard
ragionamento logico,logical reasoning,word,Education,hard
sistema di equazioni,equation system,word,Education,hard
teoria del caos,chaos theory,word,Education,hard
volontà libera,free will,word,Education,hard
analisi funzionale,functional analysis,word,Education,hard
calcolo differenziale,differential calculus,word,Education,hard
esperimento di pensiero,thought experiment,word,Education,hard
geometria frattale,fractal geometry,word,Education,hard
induzione matematica,mathematical induction,word,Education,hard
logica proposizionale,propositional logic,word,Education,hard
numero primo,prime number,word,Education,hard
predicato,predicate,word,Education,hard
relazione binaria,binary relation,word,Education,hard
Italian_Word,English_Translation,Type,Category,Difficulty_Level
analisi,analysis,word,Education,hard
astronomia,astronomy,word,Education,hard
biochimica,biochemistry,word,Education,hard
calcolo numerico,numerical computation,word,Education,hard
cifrario,cipher,word,Education,hard
diritto legale,legal rights,word,Education,hard
equazione differenziale ordinaria,ordinary differential equation,word,Education,hard
filosofia,philosophy,word,Education,hard
geografia,geography,word,Education,hard
idrologia,hydrology,word,Education,hard
linguaggio di programmazione,programming language,word,Education,hard
meccanica classica,classical mechanics,word,Education,hard
narrativa,narrative,word,Education,hard
ottica,optics,word,Education,hard
prova matematica,mathematical proof,word,Education,hard
quantità,quantity,word,Education,hard
ragionamento critico,critical reasoning,word,Education,hard
statistica inferenziale,inferential statistics,word,Education,hard
teoria della relatività,theory of relativity,word,Education,hard
valore assoluto,absolute value,word,Education,hard
analisi numerica,numerical analysis,word,Education,hard
biologia molecolare,molecular biology,word,Education,hard
calcolo tensoriale,tensor calculus,word,Education,hard
criptografia,cryptography,word,Education,hard
economia economics,word,Education,hard
filologia,philology,word,Education,hard
geologia,geology,word,Education,hard
idrodinamica,hydrodynamics,word,Education,hard
linguistica,linguistics,word,Education,hard
meccanica quantistica,quantum mechanics,word,Education,hard
numerazione,numeration,word,Education,hard
ottimizzazione combinatoria,combinatorial optimization,word,Education,hard
prova scientifica,scientific evidence,word,Education,hard
quantum computing,word,Education,hard
ragionamento deduttivo,deductive reasoning,word,Education,hard
statistica descrittiva,descriptive statistics,word,Education,hard
teoria delle stringhe,string theory,word,Education,hard
valore numerico,numerical value,word,Education,hard
Italian_Word,English_Translation,Type,Category,Difficulty_Level
comprensione,comprehension,word,Education,hard
disciplina,discipline,word,Education,hard
educazione,education,word,Education,hard
formazione,training,word,Education,hard
grammatica,grammar,word,Education,hard
istruzione,instruction,word,Education,hard
letture,supplementary reading,word,Education,hard
matematica,mathematics,word,Education,hard
note,notes,word,Education,hard
osservazione,observation,word,Education,hard
pedagogia,pedagogy,word,Education,hard
quiz,quiz,word,Education,hard
ricerca,research,word,Education,hard
scuola,school,word,Education,hard
test,test,word,Education,hard
università,university,word,Education,hard
valutazione,evaluation,word,Education,hard
apprendimento,learning,word,Education,hard
biblioteca,library,word,Education,hard
conoscenza,knowledge,word,Education,hard
didattica,teaching,word,Education,hard
esame,exam,word,Education,hard
formazione professionale,vocational training,word,Education,hard
graduatoria,ranking,word,Education,hard
istruzione superiore,higher education,word,Education,hard
lezioni,lessons,word,Education,hard
memoria,memory,word,Education,hard
organizzazione,organization,word,Education,hard
psicologia,psychology,word,Education,hard
risorse educative,educational resources,word,Education,hard
scienza,science,word,Education,hard
tutoring,tutoring,word,Education,hard
valutazione delle prestazioni,performance evaluation,word,Education,hard
argomento,topic,word,Education,hard
bibliografia,bibliography,word,Education,hard
conoscenza generale,general knowledge,word,Education,hard
dispositivo di apprendimento,learning device,word,Education,hard
esperimento,experiment,word,Education,hard
fisica,physics,word,Education,hard
grammatica italiana,Italian grammar,word,Education,hard
informatica,computer science,word,Education,hard
linguaggio,language,word,Education,hard
Italian_Word,English_Translation,Type,Category,Difficulty_Level
Unisciti a noi,Join us,phrase,Education,hard
Un'opportunità unica,An unique opportunity,phrase,Education,hard
Espandi le tue conoscenze,Expand your knowledge,phrase,Education,hard
Supera i tuoi limiti,Push your limits,phrase,Education,hard
Sfida te stesso,Challenge yourself,phrase,Education,hard
Coltiva la tua mente,Nurture your mind,phrase,Education,hard
Scopri il mondo della scienza,Discover the world of science,phrase,Education,hard
Sii il protagonista del tuo apprendimento,Be the protagonist of your learning,phrase,Education,hard
Preparati per il successo,Prepare for success,phrase,Education,hard
Sviluppa nuove competenze,Develop new skills,phrase,Education,hard
Migliora la tua abilità linguistica,Improve your language skills,phrase,Education,hard
Esplora nuovi orizzonti,Explore new horizons,phrase,Education,hard
Dai vita alla tua passione,Bring your passion to life,phrase,Education,hard
Apri la tua mente,Open your mind,phrase,Education,hard
Scopri il piacere dell'apprendimento,Discover the joy of learning,phrase,Education,hard
Sfoglia nuovi libri,Explore new books,phrase,Education,hard
Impara con divertimento,Learn with fun,phrase,Education,hard
Sconfiggi le sfide dell'apprendimento,Overcome the challenges of learning,phrase,Education,hard
Scopri il potere della conoscenza,Discover the power of knowledge,phrase,Education,hard
Prendi il controllo del tuo apprendimento,Take control of your learning,phrase,Education,hard
Esplora il mondo dell'arte,Explore the world of art,phrase,Education,hard
Vivi esperienze uniche di apprendimento,Live unique learning experiences,phrase,Education,hard
Scopri il fascino della matematica,Discover the charm of mathematics,phrase,Education,hard
Coltiva la tua curiosità,Nurture your curiosity,phrase,Education,hard
Sperimenta nuovi metodi di studio,Experiment with new study methods,phrase,Education,hard
Raggiungi nuove vette di conoscenza,Reach new heights of knowledge,phrase,Education,hard
Sblocca il tuo potenziale,Unlock your potential,phrase,Education,hard
Diventa uno studente di successo,Become a successful student,phrase,Education,hard
Scopri l'arte dell'apprendimento,Discover the art of learning,phrase,Education,hard
Affronta nuove sfide accademiche,Face new academic challenges,phrase,Education,hard
Esplora le meraviglie del mondo,Explore the wonders of the world,phrase,Education,hard
Apri la porta al sapere,Open the door to knowledge,phrase,Education,hard
Insegui i tuoi sogni,Chase your dreams,phrase,Education,hard
Vivi esperienze che cambieranno la tua vita,Live experiences that will change your life,phrase,Education,hard
Scopri il lato divertente dell'apprendimento,Discover the fun side of learning,phrase,
Italian_Word,English_Translation,Type,Category,Difficulty_Level
Nuove prospettive,New perspectives,phrase,Education,hard
Sfida il tuo intelletto,Challenge your intellect,phrase,Education,hard
Esplora l'universo della conoscenza,Explore the universe of knowledge,phrase,Education,hard
Cresci professionalmente,Grow professionally,phrase,Education,hard
Scopri il fascino delle lingue straniere,Discover the charm of foreign languages,phrase,Education,hard
Coltiva il potenziale dentro di te,Cultivate the potential within you,phrase,Education,hard
Vivi l'avventura dell'apprendimento,Live the adventure of learning,phrase,Education,hard
Raggiungi l'eccellenza academica,Reach academic excellence,phrase,Education,hard
Amplia il tuo bagaglio culturale,Expand your cultural knowledge,phrase,Education,hard
Esplora l'interconnessione delle discipline,Explore the interconnectedness of disciplines,phrase,Education,hard
Superati i tuoi limiti accademici,Push your academic limits,phrase,Education,hard
Affronta le sfide con determinazione,Face challenges with determination,phrase,Education,hard
Sviluppa la tua intelligenza emotiva,Develop your emotional intelligence,phrase,Education,hard
Scopri il potere dell'apprendimento continuo,Discover the power of lifelong learning,phrase,Education,hard
Apri la porta a nuove opportunità,Open the door to new opportunities,phrase,Education,hard
Sperimenta l'apprendimento attivo,Experience active learning,phrase,Education,hard
Esplora il vasto mondo della scienza,Explore the vast world of science,phrase,Education,hard
Entra nel regno della conoscenza,Enter the realm of knowledge,phrase,Education,hard
Coltiva la tua creatività,Cultivate your creativity,phrase,Education,hard
Scopri l'arte del pensiero critico,Discover the art of critical thinking,phrase,Education,hard
Sfida il tuo cervello,Challenge your brain,phrase,Education,hard
Raggiungi nuove vette accademiche,Reach new academic heights,phrase,Education,hard
Esplora le meraviglie della natura,Explore the wonders of nature,phrase,Education,hard
Sviluppa la tua competenza digitale,Develop your digital competence,phrase,Education,hard
Scopri l'emozione del sapere,Discover the thrill of knowledge,phrase,Education,hard
Affronta le nuove frontiere dell'apprendimento,Face the new frontiers of learning,phrase,Education,hard
Inizia il tuo viaggio di apprendimento,Begin your learning journey,phrase,Education,hard
Esplora la bellezza del sapere,Explore the beauty of knowledge,phrase,Education,hard
Affronta le sfide con coraggio,Face challenges with courage,phrase,Education,hard
Coltiva la tua passione per la scoperta,Cultivate your passion for discovery,phrase,Education,hard
Scopri l'energia dell'apprendimento,Discover the energy of learning,phrase,Education,hard
Sii il protagonista della tua formazione,Be the protagonist of your education,phrase,Education,hard
Italian_Word,English_Translation,Type,Category,Difficulty_Level
Abbraccia il potere della conoscenza,Embrace the power of knowledge,phrase,Education,hard
Esplora le frontiere dell'apprendimento,Explore the frontiers of learning,phrase,Education,hard
Coltiva la tua sete di apprendimento,Cultivate your thirst for learning,phrase,Education,hard
Scopri l'eccellenza accademica,Discover academic excellence,phrase,Education,hard
Affronta nuove sfide intellettuali,Take on new intellectual challenges,phrase,Education,hard
Esplora il mondo della ricerca,Explore the world of research,phrase,Education,hard
Sviluppa la tua autodisciplina,Develop your self-discipline,phrase,Education,hard
Scopri la bellezza della scoperta,Discover the beauty of discovery,phrase,Education,hard
Vivi esperienze di apprendimento uniche,Live unique learning experiences,phrase,Education,hard
Coltiva l'arte della concentrazione,Cultivate the art of concentration,phrase,Education,hard
Esplora nuovi approcci educativi,Explore new educational approaches,phrase,Education,hard
Affronta le sfide dell'apprendimento con passione,Tackle learning challenges with passion,phrase,Education,hard
Scopri l'empowerment dell'educazione,Discover the empowerment of education,phrase,Education,hard
Sviluppa la tua mente critica,Develop your critical mind,phrase,Education,hard
Apri la tua mente a nuove prospettive,Open your mind to new perspectives,phrase,Education,hard
Esplora l'universo del sapere,Explore the universe of knowledge,phrase,Education,hard
Coltiva la tua sete di sapere,Cultivate your thirst for knowledge,phrase,Education,hard
Scopri l'entusiasmo dell'apprendimento,Discover the enthusiasm of learning,phrase,Education,hard
Sfida i tuoi limiti intellettuali,Challenge your intellectual limits,phrase,Education,hard
Raggiungi nuovi orizzonti educativi,Reach new educational horizons,phrase,Education,hard
Esplora la complessità del sapere,Explore the complexity of knowledge,phrase,Education,hard
Affronta le sfide dell'istruzione,Face the challenges of education,phrase,Education,hard
Scopri la meraviglia dell'apprendimento,Discover the wonder of learning,phrase,Education,hard
Sviluppa la tua curiosità intellettuale,Develop your intellectual curiosity,phrase,Education,hard
Coltiva l'abilità di apprendere in modo autonomo,Cultivate the ability to learn autonomously,phrase,Education,hard
Esplora l'interesse per l'apprendimento continuo,Explore interest in lifelong learning,phrase,Education,hard
Superati gli ostacoli dell'educazione,Overcome the obstacles of education,phrase,Education,hard
Scopri il potere delle competenze,Discover the power of skills,phrase,Education,hard
Apri la tua mente all'apprendimento illimitato,Open your mind to limitless learning,phrase,Education,hard
Esplora il piacere di imparare ogni giorno,Explore the joy of learning every day,phrase,Education,hard
Italian_Word,English_Translation,Type,Category,Difficulty_Level
Coltiva la passione per l'acquisizione di nuove competenze,Cultivate a passion for acquiring new skills,phrase,Education,hard
Esplora le infinite possibilità dell'apprendimento,Explore the infinite possibilities of learning,phrase,Education,hard
Affronta le sfide dell'istruzione con determinazione,Tackle the challenges of education with determination,phrase,Education,hard
Scopri il valore dell'apprendimento continuo,Discover the value of lifelong learning,phrase,Education,hard
Sviluppa la tua abilità di risoluzione dei problemi,Develop your problem-solving skills,phrase,Education,hard
Coltiva una mentalità aperta verso la conoscenza,Cultivate an open mindset towards knowledge,phrase,Education,hard
Esplora le connessioni tra le diverse discipline,Explore the connections between different disciplines,phrase,Education,hard
Affronta le sfide dell'apprendimento con resilienza,Face learning challenges with resilience,phrase,Education,hard
Scopri il piacere di esplorare nuove aree di studio,Discover the joy of exploring new areas of study,phrase,Education,hard
Sviluppa la tua abilità di pensiero critico,Develop your critical thinking skills,phrase,Education,hard
Coltiva la tua sete di conoscenza,Cultivate your thirst for knowledge,phrase,Education,hard
Esplora il potenziale illimitato dell'apprendimento,Explore the unlimited potential of learning,phrase,Education,hard
Affronta le sfide accademiche con perseveranza,Tackle academic challenges with perseverance,phrase,Education,hard
Scopri l'arte di imparare in modo efficiente,Discover the art of efficient learning,phrase,Education,hard
Sviluppa la tua abilità di comunicazione,Develop your communication skills,phrase,Education,hard
Coltiva l'interesse per la scoperta scientifica,Cultivate an interest in scientific exploration,phrase,Education,hard
Esplora le nuove frontiere dell'educazione,Explore the new frontiers of education,phrase,Education,hard
Affronta le sfide dell'apprendimento con flessibilità,Face learning challenges with flexibility,phrase,Education,hard
Scopri il piacere di acquisire nuove competenze,Discover the pleasure of acquiring new skills,phrase,Education,hard
Sviluppa la tua abilità di pensiero creativo,Develop your creative thinking skills,phrase,Education,hard
Coltiva la tua passione per la ricerca,Cultivate your passion for research,phrase,Education,hard
Esplora il potere dell'apprendimento collaborativo,Explore the power of collaborative learning,phrase,Education,hard
Affronta le sfide accademiche con determinazione,Tackle academic challenges with determination,phrase,Education,hard
Scopri l'arte di apprendere da diverse prospettive,Discover the art of learning from different perspectives,phrase,Education,hard
Sviluppa la tua abilità di problem-solving,Develop your problem-solving skills,phrase,Education,hard
Coltiva l'interesse per l'apprendimento autentico,Cultivate an interest in authentic learning,phrase,Education,hard
Esplora il fascino della scoperta scientifica,Explore the fascination of scientific discovery,phrase,Education,hard

Libro,Book,Word,Education,Beginner
Scuola,School,Word,Education,Beginner
Libreria,Library,Word,Education,Beginner
Università,University,Word,Education,Beginner
Lezione,Lesson,Word,Education,Beginner
Professore,Professor,Word,Education,Beginner
Apprendimento,Learning,Word,Education,Beginner
Conversazione,Conversation,Word,Education,Beginner
Esame,Exam,Word,Education,Beginner
Lingua,Language,Word,Education,Beginner
Parola,Word,Word,Education,Beginner
Libro,Book,Word,Education,Beginner
Penna,Pen,Word,Education,Beginner
Matita,Pencil,Word,Education,Beginner
algebra,algebra,word,Education,Beginner
biologia,biology,word,Education,Beginner
chimica,chemistry,word,Education,Beginner
dizionario,dictionary,word,Education,Beginner
equazione,equation,word,Education,Beginner
formula,formula,word,Education,Beginner
geometria,geometry,word,Education,Beginner
storia,history,word,Education,Beginner
intero,integer,word,Education,Beginner
quaderno,notebook,word,Education,Beginner
cinematica,kinematics,word,Education,Beginner
lingua,language,word,Education,Beginner
matematica,mathematics,word,Education,Beginner
quaderno,notebook,word,Education,Beginner
organico,organic,word,Education,Beginner
fisica,physics,word,Education,Beginner
quadratica,quadratic,word,Education,Beginner
rapporto,ratio,word,Education,Beginner
scienza,science,word,Education,Beginner
trigonometria,trigonometry,word,Education,Beginner
vocabolario,vocabulary,word,Education,Beginner
foglio di lavoro,worksheet,word,Education,Beginner
esperimento,experiment,word,Education,Intermediate
geografia,geography,word,Education,Intermediate
compiti,homework,word,Education,Intermediate
inferenza,inference,word,Education,Intermediate
letteratura,literature,word,Education,Intermediate
misurazione,measurement,word,Education,Intermediate
narrativa,narrative,word,Education,Intermediate
osservazione,observation,word,Education,Intermediate
poesia,poetry,word,Education,Intermediate
quantum,quantum,word,Education,Intermediate


Phrase,Posso avere il conto?,Can I have the bill?,Shopping,Intermediate
Word,Acqua,Water,Food and Drinks,Beginner

Phrase,Non capisco,I don't understand,Basic Phrases,Beginner
Word,Penna,Pen,Stationery,Beginner
Casa,House,Word,Places,Beginner

Amico,Friend,Word,Relationships,Beginner
Gelateria,Ice cream shop,Phrase,Food,Intermediate
Bello,Beautiful,Word,Adjectives,Intermediate
Famiglia,Family,Word,Relationships,Beginner
Mangiare,To eat,Word,Verbs,Intermediate
Strada,Street,Word,Places,Beginner
Lavoro,Work,Word,Occupations,Intermediate
Bambino,Child,Word,Family,Beginner
Parco,Park,Word,Places,Beginner
Insegnante,Teacher,Word,Occupations,Intermediate
Cinema,Movie theater,Word,Entertainment,Intermediate
Mela,Apple,Word,Food,Beginner
Luna,Moon,Word,Nature,Beginner
Piatto,Dish,Word,Food,Intermediate
Lavorare,To work,Word,Verbs,Intermediate
Gelato,Ice cream,Word,Food,Intermediate
Città,City,Word,Places,Beginner
Fiume,River,Word,Nature,Beginner
Musica,Music,Word,Entertainment,Beginner
Penna,Pen,Word,Stationery,Beginner
Ospedale,Hospital,Word,Places,Intermediate
Caffè,Coffee,Word,Beverages,Beginner
Sole,Sun,Word,Nature,Beginner
Maglia,Shirt,Word,Clothing,Intermediate
Passeggiare,To walk,Word,Verbs,Intermediate
Viaggio,Trip,Word,Travel,Intermediate
Telefono,Phone,Word,Technology,Beginner
Carta,Card,Word,Stationery,Intermediate
Porta,Door,Word,Home,Beginner
Chiesa,Church,Word,Places,Beginner
Felice,Happy,Word,Emotions,Beginner
Zaino,Backpack,Word,Accessories,Beginner
Spiaggia,Beach,Word,Places,Beginner
Bere,To drink,Word,Verbs,Beginner
Aeroporto,Airport,Word,Travel,Intermediate
Festa,Party,Word,Celebrations,Beginner
Bosco,Forest,Word,Nature,Beginner
Libertà,Freedom,Word,Concepts,Intermediate
Italian_Word,English_Translation,Type,Category,Difficulty_Level


Phrase,Mi piace molto questo posto,I really like this place,Travel,Intermediate
Phrase,Quanto costa?,How much does it cost?,Shopping,Intermediate


Tavolo,Table,Word,Furniture,Beginner
Casa,House,Word,Home,Beginner
Lampada,Lamp,Word,Lighting,Beginner
Porta,Door,Word,Home,Beginner
Finestra,Window,Word,Home,Beginner
Letto,Bed,Word,Furniture,Beginner
Sedia,Chair,Word,Furniture,Beginner


Auto,Car,Word,Transportation,Beginner



Acqua,Water,Word,Beverages,Beginner

Treno,Train,Word,Transportation,Beginner
Giardino,Garden,Word,Outdoors,Beginner
Cucina,Kitchen,Word,Home,Beginner
Pianta,Plant,Word,Nature,Beginner
Maglia,Shirt,Word,Clothing,Beginner
Computer,Computer,Word,Technology,Beginner
Televisore,Television,Word,Electronics,Beginner
Caffè,Coffee,Word,Beverages,Beginner
Mela,Apple,Word,Fruits,Beginner
Pesce,Fish,Word,Food,Beginner
Banana,Banana,Word,Fruits,Beginner
Camicia,Shirt,Word,Clothing,Beginner
Telefono,Phone,Word,Technology,Beginner
Orologio,Clock,Word,Time,Beginner
Scarpe,Shoes,Word,Clothing,Beginner
Montagna,Mountain,Word,Nature,Beginner
Fiori,Flowers,Word,Plants,Beginner
Italian_Word,English_Translation,Type,Category,Difficulty_Level
Vino,Wine,Word,Beverages,Beginner
Bicchiere,Glass,Word,Tableware,Beginner
Bancone,Counter,Word,Furniture,Beginner
Divano,Sofa,Word,Furniture,Beginner
Lavandino,Sink,Word,Home,Beginner
Quadro,Painting,Word,Art,Beginner
Cuscino,Pillow,Word,Furniture,Beginner
Tappeto,Rug,Word,Flooring,Beginner
Dolce,Dessert,Word,Food,Beginner
Pizza,Pizza,Word,Food,Beginner
Gelato,Ice Cream,Word,Food,Beginner
Pasta,Pasta,Word,Food,Beginner
Ristorante,Restaurant,Word,Food,Beginner
Zucchero,Sugar,Word,Ingredients,Beginner
Olio,Oil,Word,Ingredients,Beginner
Sale,Salt,Word,Ingredients,Beginner
Pepe,Pepper,Word,Ingredients,Beginner
Riso,Rice,Word,Food,Beginner
Pomodoro,Tomato,Word,Food,Beginner
Formaggio,Cheese,Word,Food,Beginner
Pane,Bread,Word,Food,Beginner
Pollo,Chicken,Word,Food,Beginner
Manzo,Beef,Word,Food,Beginner
Maiale,Pork,Word,Food,Beginner
Verdura,Vegetable,Word,Food,Beginner
Frutta,Fruit,Word,Food,Beginner
Cibo,Food,Word,Food,Beginner
Mangiare,To Eat,Phrase,Verbs,Beginner
Bere,To Drink,Phrase,Verbs,Beginner
Andare,To Go,Phrase,Verbs,Beginner
Venire,To Come,Phrase,Verbs,Beginner
Fare,To Do,Phrase,Verbs,Beginner
Studiare,To Study,Phrase,Verbs,Beginner
Parlare,To Speak,Phrase,Verbs,Beginner
Lavorare,To Work,Phrase,Verbs,Beginner
Ascoltare,To Listen,Phrase,Verbs,Beginner
Guardare,To Watch,Phrase,Verbs,Beginner
Leggere,To Read,Phrase,Verbs,Beginner
Scrivere,To Write,Phrase,Verbs,Beginner
Italian_Word,English_Translation,Type,Category,Difficulty_Level
Casa,House,Word,Home,Beginner


Porta,Door,Word,Furniture,Beginner
Finestra,Window,Word,Furniture,Beginner
Letto,Bed,Word,Furniture,Beginner
Sedia,Chair,Word,Furniture,Beginner
Scrivania,Desk,Word,Furniture,Beginner
Amico,Friend,Word,Relationships,Beginner
Madre,Mother,Word,Family,Beginner
Padre,Father,Word,Family,Beginner
Fratello,Brother,Word,Family,Beginner
Sorella,Sister,Word,Family,Beginner
Nonna,Grandmother,Word,Family,Beginner
Nonno,Grandfather,Word,Family,Beginner
Zoo,Zoo,Word,Places,Beginner
Spiaggia,Beach,Word,Places,Beginner
Montagna,Mountain,Word,Places,Beginner
Città,City,Word,Places,Beginner
Lago,Lake,Word,Places,Beginner
Fiume,River,Word,Places,Beginner
Mare,Sea,Word,Places,Beginner
Albero,Tree,Word,Nature,Beginner
Fiore,Flower,Word,Nature,Beginner
Nuoto,Swimming,Phrase,Sports,Beginner
Calcio,Football,Phrase,Sports,Beginner
Basket,Basketball,Phrase,Sports,Beginner
Tennis,Tennis,Phrase,Sports,Beginner
Corsa,Running,Phrase,Sports,Beginner
Volo,Flight,Phrase,Travel,Beginner
Treno,Train,Phrase,Travel,Beginner
Auto,Car,Phrase,Travel,Beginner
Italian_Word,English_Translation,Type,Category,Difficulty_Level
Acqua,Water,Word,Food and Drinks,Beginner
Caffè,Coffee,Word,Food and Drinks,Beginner
Pane,Bread,Word,Food and Drinks,Beginner
Pizza,Pizza,Word,Food and Drinks,Beginner
Gelato,Ice Cream,Word,Food and Drinks,Beginner
Formaggio,Cheese,Word,Food and Drinks,Beginner
Pasta,Pasta,Word,Food and Drinks,Beginner
Insalata,Salad,Word,Food and Drinks,Beginner
Carne,Meat,Word,Food and Drinks,Beginner
Pollo,Chicken,Word,Food and Drinks,Beginner
Frutta,Fruit,Word,Food and Drinks,Beginner
Verdura,Vegetable,Word,Food and Drinks,Beginner
Cibo,Food,Word,Food and Drinks,Beginner
Bevanda,Drink,Word,Food and Drinks,Beginner


Cucina,Kitchen,Word,Home,Beginner
Bagno,Bathroom,Word,Home,Beginner
Camera da letto,Bedroom,Phrase,Home,Beginner
Cucina,Kitchen,Word,Home,Beginner
Soggiorno,Living room,Word,Home,Beginner
Sala da pranzo,Dining room,Phrase,Home,Beginner
Giardino,Garden,Word,Home,Beginner
Garage,Garage,Word,Home,Beginner
Terrazza,Terrace,Word,Home,Beginner
Cantina,Cellar,Word,Home,Beginner
Soppalco,Loft,Word,Home,Beginner
Scatola,Box,Word,Home,Beginner


Gioco,Game,Word,Entertainment,Beginner
Film,Movie,Word,Entertainment,Beginner
Musica,Music,Word,Entertainment,Beginner
Teatro,Theater,Word,Entertainment,Beginner


Italian_Word,English_Translation,Type,Category,Difficulty_Level
Banana,Banana,Word,Food and Drinks,Intermediate
Ananas,Pineapple,Word,Food and Drinks,Intermediate
Pomodoro,Tomato,Word,Food and Drinks,Intermediate
Patate,Potato,Word,Food and Drinks,Intermediate
Peperoni,Bell Peppers,Word,Food and Drinks,Intermediate
Riso,Rice,Word,Food and Drinks,Intermediate
Zucchero,Sugar,Word,Food and Drinks,Intermediate
Sale,Salt,Word,Food and Drinks,Intermediate
Pepe,Pepper,Word,Food and Drinks,Intermediate
Vino,Wine,Word,Food and Drinks,Intermediate
Birra,Beer,Word,Food and Drinks,Intermediate
Carota,Carrot,Word,Food and Drinks,Intermediate
Melanzana,Eggplant,Word,Food and Drinks,Intermediate
Arancia,Orange,Word,Food and Drinks,Intermediate
Limone,Lemon,Word,Food and Drinks,Intermediate
Mela,Apple,Word,Food and Drinks,Intermediate
Ciliegia,Cherry,Word,Food and Drinks,Intermediate
Pera,Pear,Word,Food and Drinks,Intermediate
Pesca,Peach,Word,Food and Drinks,Intermediate
Fragola,Strawberry,Word,Food and Drinks,Intermediate
Uva,Grape,Word,Food and Drinks,Intermediate
Mirtilli,Blueberries,Word,Food and Drinks,Intermediate
Cocco,Coconut,Word,Food and Drinks,Intermediate
Mango,Mango,Word,Food and Drinks,Intermediate
Spinaci,Spinach,Word,Food and Drinks,Intermediate
Zucchine,Zucchini,Word,Food and Drinks,Intermediate
Cavolo,Cabbage,Word,Food and Drinks,Intermediate
Fagioli,Beans,Word,Food and Drinks,Intermediate
Broccoli,Broccoli,Word,Food and Drinks,Intermediate
Cereali,Cereals,Word,Food and Drinks,Intermediate
Pesce,Seafood,Word,Food and Drinks,Intermediate
Frittata,Omelette,Word,Food and Drinks,Intermediate
Torta,Cake,Word,Food and Drinks,Intermediate
Cioccolato,Chocolate,Word,Food and Drinks,Intermediate
Biscotti,Cookies,Word,Food and Drinks,Intermediate
Gelatina,Jelly,Word,Food and Drinks,Intermediate
Succo di frutta,Fruit juice,Phrase,Food and Drinks,Intermediate
Insalata mista,Mixed salad,Phrase,Food and Drinks,Intermediate
Formaggio, Cheese,Word,Food and Drinks,Intermediate
Riso al curry,Curry rice,Phrase,Food and Drinks,Intermediate


Italian_Word,English_Translation,Type,Category,Difficulty_Level
Rosso,Red,Word,Colors,Beginner
Blu,Blue,Word,Colors,Beginner
Giallo,Yellow,Word,Colors,Beginner
Verde,Green,Word,Colors,Beginner
Arancione,Orange,Word,Colors,Beginner
Viola,Purple,Word,Colors,Beginner
Rosa,Pink,Word,Colors,Beginner
Bianco,White,Word,Colors,Beginner
Nero,Black,Word,Colors,Beginner
Grigio,Gray,Word,Colors,Beginner
Marrone,Brown,Word,Colors,Beginner
Beige,Beige,Word,Colors,Beginner
Celeste,Sky blue,Word,Colors,Intermediate
Oro,Gold,Word,Colors,Beginner
Argento,Silver,Word,Colors,Beginner
Bronzo,Bronze,Word,Colors,Beginner
Ciano,Cyan,Word,Colors,Intermediate
Magenta,Magenta,Word,Colors,Intermediate
Indaco,Indigo,Word,Colors,Beginner
Zafferano,Saffron,Word,Colors,Intermediate
Melograno,Pomegranate,Word,Colors,Intermediate
Pesca,Peach,Word,Colors,Intermediate
Lavanda,Lavender,Word,Colors,Intermediate
Smeraldo,Emerald,Word,Colors,Intermediate
Turchese,Turquoise,Word,Colors,Intermediate
Lime,Lime,Word,Colors,Beginner
Bordeaux,Burgundy,Word,Colors,Intermediate
Cioccolato,Chocolate,Word,Colors,Intermediate
Miele,Honey,Word,Colors,Intermediate
Corallo,Coral,Word,Colors,Intermediate
Ruggine,Rust,Word,Colors,Intermediate
Cremisi,Crimson,Word,Colors,Intermediate
Senape,Mustard,Word,Colors,Intermediate
Porpora,Purple,Word,Colors,Intermediate
Ocra,Ochre,Word,Colors,Intermediate
Avorio,Ivory,Word,Colors,Intermediate
Rame,Copper,Word,Colors,Intermediate
Platino,Platinum,Word,Colors,Intermediate
Malva,Mauve,Word,Colors,Intermediate
Lilla,Lilac,Word,Colors,Intermediate
Lumaca,Snail,Word,Colors,Intermediate
Smeraldo,Emerald,Word,Colors,Intermediate
Terracotta,Terracotta,Word,Colors,Intermediate
